{"start":{"position":[-365.0,14.799180030822754,157.0],"rotation":[0.0,0.0,0.0]},"checkpoints":[{"position":[-383.51971435546877,21.9754695892334,163.2303009033203],"rotation":[0.0,0.0,0.0]},{"position":[-397.3299865722656,23.478849411010743,186.57000732421876],"rotation":[0.0,50.279998779296878,0.0]},{"position":[-423.260009765625,24.970020294189454,191.47000122070313],"rotation":[0.0,0.0,0.0]},{"position":[-444.7746887207031,25.523759841918947,207.2902069091797],"rotation":[0.0,85.16000366210938,0.0]}],"end":{"position":[-446.0393981933594,33.42082977294922,251.74000549316407],"rotation":[0.0,90.0,0.0]},"times":[22.22865867614746,11.97992992401123]}