{
    "start": {
        "position": [ -365, 14.79918, 157 ],
        "rotation": [ 0.0, 0.0, 0.0 ]
    },
    "checkpoints": [
        {
            "position": [ -383.5197, 21.97547, 163.2303 ],
            "rotation": [ 0.0, 0.0, 0.0 ]
        },
        {
            "position": [ -397.33, 23.47885, 186.57 ],
            "rotation": [ 0.0, 50.28, 0.0 ]
        },
        {
            "position": [ -423.26, 24.97002, 191.47 ],
            "rotation": [ 0.0, 0.0, 0.0 ]
        },
        {
            "position": [ -444.7747, 25.52376, 207.2902 ],
            "rotation": [ 0.0, 85.16, 0.0 ]
        }
    ],
    "end": {
        "position": [ -446.0394, 33.42083, 251.74 ],
        "rotation": [ 0.0, 90.0, 0.0 ]
    },
    "times": []
}