{"start":{"position":[0.0,0.0,10.0],"rotation":[0.0,0.0,0.0]},"checkpoints":[{"position":[5.0,0.0,5.0],"rotation":[0.0,0.0,0.0]},{"position":[-5.0,0.0,5.0],"rotation":[0.0,0.0,0.0]}],"end":{"position":[-5.0,0.0,-5.0],"rotation":[0.0,0.0,0.0]},"times":[2.350597620010376,2.5002198219299318,2.810544967651367,2.913956880569458,2.9865033626556398,3.0885446071624758,3.3470351696014406,5.366420269012451,3.4813740253448488]}