{"start":{"position":[0.0,0.0,10.0],"rotation":[0.0,0.0,0.0]},"checkpoints":[{"position":[5.0,0.0,5.0],"rotation":[0.0,0.0,0.0]},{"position":[-5.0,0.0,5.0],"rotation":[0.0,0.0,0.0]}],"end":{"position":[-5.0,0.0,-5.0],"rotation":[0.0,0.0,0.0]},"times":[2.240811824798584,2.5649821758270265,1.9016032218933106,2.9287478923797609]}